{
    "0": {
        "precision": 0.9920568128105509,
        "recall": 0.9636713850564415,
        "f1-score": 0.9776581059663594,
        "support": 89296
    },
    "1": {
        "precision": 0.35365610679418213,
        "recall": 0.7203733766233766,
        "f1-score": 0.4744086596284912,
        "support": 2464
    },
    "accuracy": 0.9571381865736704,
    "macro avg": {
        "precision": 0.6728564598023665,
        "recall": 0.842022380839909,
        "f1-score": 0.7260333827974252,
        "support": 91760
    },
    "weighted avg": {
        "precision": 0.974914056275848,
        "recall": 0.9571381865736704,
        "f1-score": 0.9641445201361882,
        "support": 91760
    }
}