{
    "Model": "Neural Network",
    "Accuracy": 0.9571381865736704,
    "Precision": 0.35365610679418213,
    "Recall": 0.7203733766233766,
    "F1 Score": 0.4744086596284912,
    "ROC-AUC": 0.9298671543038243
}