{
    "0": {
        "precision": 0.990117093394588,
        "recall": 0.989551603655259,
        "f1-score": 0.9898342677592262,
        "support": 89296
    },
    "1": {
        "precision": 0.6290258449304175,
        "recall": 0.6420454545454546,
        "f1-score": 0.635468969672625,
        "support": 2464
    },
    "accuracy": 0.9802201394943331,
    "macro avg": {
        "precision": 0.8095714691625027,
        "recall": 0.8157985291003568,
        "f1-score": 0.8126516187159256,
        "support": 91760
    },
    "weighted avg": {
        "precision": 0.980420833191714,
        "recall": 0.9802201394943331,
        "f1-score": 0.9803186172090368,
        "support": 91760
    }
}