{
    "Model": "LightGBM",
    "Accuracy": 0.9802201394943331,
    "Precision": 0.6290258449304175,
    "Recall": 0.6420454545454546,
    "F1 Score": 0.635468969672625,
    "ROC-AUC": 0.9574524719297791
}