{
    "0": {
        "precision": 0.9930095490473797,
        "recall": 0.9735710446156602,
        "f1-score": 0.9831942276808938,
        "support": 89296
    },
    "1": {
        "precision": 0.439696106362773,
        "recall": 0.7516233766233766,
        "f1-score": 0.5548232474535649,
        "support": 2464
    },
    "accuracy": 0.9676111595466435,
    "macro avg": {
        "precision": 0.7163528277050764,
        "recall": 0.8625972106195184,
        "f1-score": 0.7690087375672294,
        "support": 91760
    },
    "weighted avg": {
        "precision": 0.9781516117895891,
        "recall": 0.9676111595466435,
        "f1-score": 0.9716913277759228,
        "support": 91760
    }
}