{
    "Model": "Voting (Soft)",
    "Accuracy": 0.9676111595466435,
    "Precision": 0.439696106362773,
    "Recall": 0.7516233766233766,
    "F1 Score": 0.5548232474535649,
    "ROC-AUC": 0.949568089301567
}