{
    "0": {
        "precision": 0.9950655358519661,
        "recall": 0.8671833004837842,
        "f1-score": 0.9267335264127912,
        "support": 89296
    },
    "1": {
        "precision": 0.1492109038737446,
        "recall": 0.8441558441558441,
        "f1-score": 0.25359668373567423,
        "support": 2464
    },
    "accuracy": 0.866564952048823,
    "macro avg": {
        "precision": 0.5721382198628554,
        "recall": 0.8556695723198142,
        "f1-score": 0.5901651050742327,
        "support": 91760
    },
    "weighted avg": {
        "precision": 0.9723520897622283,
        "recall": 0.866564952048823,
        "f1-score": 0.9086580122415137,
        "support": 91760
    }
}