{
    "Model": "SGD Classifier",
    "Accuracy": 0.866564952048823,
    "Precision": 0.1492109038737446,
    "Recall": 0.8441558441558441,
    "F1 Score": 0.25359668373567423,
    "ROC-AUC": 0.9227501287306248
}