{
    "0": {
        "precision": 0.9927759383176272,
        "recall": 0.9603341695036732,
        "f1-score": 0.9762856199551443,
        "support": 89296
    },
    "1": {
        "precision": 0.3418803418803419,
        "recall": 0.7467532467532467,
        "f1-score": 0.4690288044863624,
        "support": 2464
    },
    "accuracy": 0.9545989537925021,
    "macro avg": {
        "precision": 0.6673281400989846,
        "recall": 0.85354370812846,
        "f1-score": 0.7226572122207533,
        "support": 91760
    },
    "weighted avg": {
        "precision": 0.9752976607498256,
        "recall": 0.9545989537925021,
        "f1-score": 0.9626644256077699,
        "support": 91760
    }
}