feature,importance
X19,0.5287747741493799
X22,0.10868778381392458
X6,0.06648200218542562
X7,0.05450683042903244
X5,0.039381018314709915
X17,0.034245501635383355
X8,0.03341887560845404
X23,0.02516903842352583
X25,0.02421802468661124
X18,0.015863838701345057
X2,0.012727321579788148
X9,0.008454706258996324
X20,0.007879312105595714
X4,0.0074229048104383554
X39,0.006252904692477717
X49,0.005787179533005119
X32,0.004042284678125803
X11,0.002953005597549452
X36,0.0025873449226766787
X3,0.0024673787271201043
X28,0.0023955120347439393
X13,0.0022707147299803206
X50,0.0012121554540329026
X21,0.0008267167128678154
X44,0.0005771398736251356
X34,0.0004962245282820223
X31,0.00033463056110151333
X1,0.0002448537275125947
X41,0.00015883917493723476
X16,0.00015627804433759475
X42,4.904305013506422e-06
X45,0.0
X43,0.0
X46,0.0
X47,0.0
X48,0.0
X40,0.0
X26,0.0
X38,0.0
X37,0.0
X35,0.0
X33,0.0
X30,0.0
X29,0.0
X27,0.0
X24,0.0
X15,0.0
X14,0.0
X12,0.0
X10,0.0
X51,0.0
