{
    "Model": "Gradient Boosting",
    "Accuracy": 0.9545989537925021,
    "Precision": 0.3418803418803419,
    "Recall": 0.7467532467532467,
    "F1 Score": 0.4690288044863624,
    "ROC-AUC": 0.9470446959055772
}