{
    "0": {
        "precision": 0.9907161211037873,
        "recall": 0.9930903959863824,
        "f1-score": 0.9919018377459369,
        "support": 89296
    },
    "1": {
        "precision": 0.7257777777777777,
        "recall": 0.6627435064935064,
        "f1-score": 0.6928298684768773,
        "support": 2464
    },
    "accuracy": 0.9842197035745422,
    "macro avg": {
        "precision": 0.8582469494407825,
        "recall": 0.8279169512399445,
        "f1-score": 0.8423658531114071,
        "support": 91760
    },
    "weighted avg": {
        "precision": 0.9836018220850941,
        "recall": 0.9842197035745422,
        "f1-score": 0.983870960105582,
        "support": 91760
    }
}