{
    "Model": "Bagging",
    "Accuracy": 0.9842197035745422,
    "Precision": 0.7257777777777777,
    "Recall": 0.6627435064935064,
    "F1 Score": 0.6928298684768773,
    "ROC-AUC": 0.9555636827001166
}