{
    "0": {
        "precision": 0.9933385673161563,
        "recall": 0.9351594696290987,
        "f1-score": 0.9633714424152927,
        "support": 89296
    },
    "1": {
        "precision": 0.247465557577333,
        "recall": 0.7727272727272727,
        "f1-score": 0.3748769442803701,
        "support": 2464
    },
    "accuracy": 0.930797733217088,
    "macro avg": {
        "precision": 0.6204020624467447,
        "recall": 0.8539433711781856,
        "f1-score": 0.6691241933478314,
        "support": 91760
    },
    "weighted avg": {
        "precision": 0.9733098936457503,
        "recall": 0.930797733217088,
        "f1-score": 0.9475688002683393,
        "support": 91760
    }
}