{
    "Model": "AdaBoost",
    "Accuracy": 0.930797733217088,
    "Precision": 0.247465557577333,
    "Recall": 0.7727272727272727,
    "F1 Score": 0.3748769442803701,
    "ROC-AUC": 0.9376064172861832
}