{
    "0": {
        "precision": 0.9887840765481134,
        "recall": 0.9813429492922415,
        "f1-score": 0.9850494604316546,
        "support": 89296
    },
    "1": {
        "precision": 0.46875,
        "recall": 0.5965909090909091,
        "f1-score": 0.525,
        "support": 2464
    },
    "accuracy": 0.9710113339145597,
    "macro avg": {
        "precision": 0.7287670382740568,
        "recall": 0.7889669291915753,
        "f1-score": 0.7550247302158273,
        "support": 91760
    },
    "weighted avg": {
        "precision": 0.9748197787646069,
        "recall": 0.9710113339145597,
        "f1-score": 0.9726959090966111,
        "support": 91760
    }
}