feature,importance
X19,0.4414737386464915
X22,0.12314574170528883
X8,0.05135277203325926
X23,0.0436028005952115
X6,0.035003701246593785
X17,0.03173082520212563
X9,0.030937720595807613
X2,0.029121925010027312
X5,0.027944911133926744
X25,0.027403558844306543
X4,0.017837599078828138
X1,0.015911063868772394
X7,0.015905706286857883
X18,0.013438306770243434
X39,0.012843476727717053
X32,0.012842255470555067
X35,0.011907822266040096
X16,0.011559045230223523
X21,0.00989884270424355
X3,0.006854455683900844
X28,0.004164956295983751
X34,0.00370119844564816
X10,0.0032618425600447454
X31,0.002852049562263473
X15,0.0027076998335081735
X50,0.002702106089845142
X13,0.0014618572362734923
X24,0.0012868918062781587
X11,0.0012802336390378844
X49,0.0009484347219724159
X42,0.0008778378751905954
X44,0.0007948071758857448
X20,0.0007418404225693949
X40,0.0005784220898582221
X12,0.0004328881381496213
X36,0.000333767995208191
X43,0.0003289847104374042
X38,0.00023427521597510847
X45,0.00021234742590063943
X14,0.00019450641523716374
X41,0.00015826533038142715
X26,2.3287576914616888e-05
X37,5.230337015866296e-06
X33,0.0
X30,0.0
X46,0.0
X47,0.0
X48,0.0
X29,0.0
X27,0.0
X51,0.0
