{
    "Model": "Decision Tree",
    "Accuracy": 0.9710113339145597,
    "Precision": 0.46875,
    "Recall": 0.5965909090909091,
    "F1 Score": 0.525,
    "ROC-AUC": 0.7901397145412485
}