{
    "0": {
        "precision": 0.9902550650220461,
        "recall": 0.9934599534133668,
        "f1-score": 0.9918549203101503,
        "support": 89296
    },
    "1": {
        "precision": 0.7314942528735632,
        "recall": 0.645698051948052,
        "f1-score": 0.6859236904505281,
        "support": 2464
    },
    "accuracy": 0.9841216216216216,
    "macro avg": {
        "precision": 0.8608746589478047,
        "recall": 0.8195790026807094,
        "f1-score": 0.8388893053803392,
        "support": 91760
    },
    "weighted avg": {
        "precision": 0.9833066491422089,
        "recall": 0.9841216216216216,
        "f1-score": 0.9836398532834054,
        "support": 91760
    }
}