feature,importance
X6,0.09187210412684059
X7,0.08353785570534598
X4,0.07750993192461594
X49,0.06190411306978244
X5,0.061314538271737676
X19,0.058910043052813256
X22,0.05002570009126709
X2,0.046753391672804095
X20,0.044549914165220715
X8,0.04207416561400173
X17,0.034518305991167494
X50,0.03156939137343741
X1,0.03153030880013365
X10,0.02766673809182925
X23,0.02552433620926265
X18,0.02513182077937281
X16,0.024041870188311523
X9,0.023621255244524023
X3,0.022553122304443767
X21,0.018820894391680464
X36,0.017205349418913003
X11,0.01136714058321066
X15,0.0107535474663582
X28,0.0107381183753165
X35,0.009021984136850503
X25,0.007961315660330481
X13,0.007577227177832192
X39,0.007077217572518001
X34,0.006244162725513735
X31,0.0054884287015313045
X32,0.005235143743825161
X42,0.003931883966165906
X44,0.0019139324852290008
X14,0.0017520184553790354
X24,0.0016153496228711718
X38,0.0015474019631688215
X43,0.001466193683321445
X40,0.0013026790227785262
X12,0.0012648262785536898
X45,0.001234076084900268
X41,0.0011882920724810098
X26,0.000656067744365381
X51,1.576921020310671e-05
X37,1.2072779790288135e-05
X33,0.0
X30,0.0
X46,0.0
X47,0.0
X48,0.0
X29,0.0
X27,0.0
