{
    "Model": "Extra Trees",
    "Accuracy": 0.9841216216216216,
    "Precision": 0.7314942528735632,
    "Recall": 0.645698051948052,
    "F1 Score": 0.6859236904505281,
    "ROC-AUC": 0.9457383509419715
}