{
    "0": {
        "precision": 0.9963398025195778,
        "recall": 0.9175662963626591,
        "f1-score": 0.9553319497236668,
        "support": 89296
    },
    "1": {
        "precision": 0.22711045779084418,
        "recall": 0.8778409090909091,
        "f1-score": 0.3608608608608609,
        "support": 2464
    },
    "accuracy": 0.9164995640802093,
    "macro avg": {
        "precision": 0.611725130155211,
        "recall": 0.8977036027267841,
        "f1-score": 0.6580964052922638,
        "support": 91760
    },
    "weighted avg": {
        "precision": 0.9756839491476118,
        "recall": 0.9164995640802093,
        "f1-score": 0.9393688202232532,
        "support": 91760
    }
}