feature,importance
X49,0.12326753
X19,0.09748294
X20,0.07979792
X25,0.0785629
X50,0.05343929
X6,0.045247912
X22,0.043251745
X7,0.04113586
X17,0.03831389
X23,0.034721065
X39,0.028124314
X5,0.026041934
X28,0.022914432
X2,0.021187304
X44,0.018750543
X18,0.01831577
X4,0.017403802
X8,0.015803594
X3,0.014909172
X15,0.014855245
X35,0.013506179
X11,0.0121567305
X32,0.011447902
X9,0.01087545
X34,0.01069744
X16,0.010378482
X38,0.0100223515
X45,0.008325013
X13,0.00822554
X42,0.007897529
X21,0.0076730424
X40,0.0075705415
X43,0.007326659
X24,0.0068352623
X31,0.006613142
X36,0.0057686083
X10,0.0050305515
X1,0.003960902
X41,0.0034295286
X12,0.0031092195
X14,0.0029847398
X26,0.0014808534
X37,0.0011572244
X33,0.0
X30,0.0
X46,0.0
X47,0.0
X48,0.0
X29,0.0
X27,0.0
X51,0.0
