{
    "Model": "XGBoost",
    "Accuracy": 0.9164995640802093,
    "Precision": 0.22711045779084418,
    "Recall": 0.8778409090909091,
    "F1 Score": 0.3608608608608609,
    "ROC-AUC": 0.9578545665175734
}