{
    "0": {
        "precision": 0.9932620897852363,
        "recall": 0.9690467658125784,
        "f1-score": 0.9810050165802229,
        "support": 89296
    },
    "1": {
        "precision": 0.4044386985563456,
        "recall": 0.7617694805194806,
        "f1-score": 0.5283603096410978,
        "support": 2464
    },
    "accuracy": 0.9634808195292066,
    "macro avg": {
        "precision": 0.698850394170791,
        "recall": 0.8654081231660296,
        "f1-score": 0.7546826631106603,
        "support": 91760
    },
    "weighted avg": {
        "precision": 0.9774506159841466,
        "recall": 0.9634808195292066,
        "f1-score": 0.9688503025665132,
        "support": 91760
    }
}