{
    "0": {
        "precision": 0.9967313345091123,
        "recall": 0.4746685181867049,
        "f1-score": 0.6430841823381708,
        "support": 89296
    },
    "1": {
        "precision": 0.04722250431603534,
        "recall": 0.9435876623376623,
        "f1-score": 0.08994371264434516,
        "support": 2464
    },
    "accuracy": 0.48726024411508284,
    "macro avg": {
        "precision": 0.5219769194125738,
        "recall": 0.7091280902621836,
        "f1-score": 0.366513947491258,
        "support": 91760
    },
    "weighted avg": {
        "precision": 0.9712344975693157,
        "recall": 0.48726024411508284,
        "f1-score": 0.628230889865137,
        "support": 91760
    }
}