{
    "Model": "Gaussian NB",
    "Accuracy": 0.48726024411508284,
    "Precision": 0.04722250431603534,
    "Recall": 0.9435876623376623,
    "F1 Score": 0.08994371264434516,
    "ROC-AUC": 0.8803423004760759
}