{
    "0": {
        "precision": 0.9923479614214634,
        "recall": 0.9425394194588783,
        "f1-score": 0.9668025960599621,
        "support": 89296
    },
    "1": {
        "precision": 0.2613014684710625,
        "recall": 0.7366071428571429,
        "f1-score": 0.3857598299681191,
        "support": 2464
    },
    "accuracy": 0.9370095902353966,
    "macro avg": {
        "precision": 0.6268247149462629,
        "recall": 0.8395732811580106,
        "f1-score": 0.6762812130140405,
        "support": 91760
    },
    "weighted avg": {
        "precision": 0.9727174191521762,
        "recall": 0.9370095902353966,
        "f1-score": 0.951200052733346,
        "support": 91760
    }
}