{
    "Model": "KNN (k=5)",
    "Accuracy": 0.9370095902353966,
    "Precision": 0.2613014684710625,
    "Recall": 0.7366071428571429,
    "F1 Score": 0.3857598299681191,
    "ROC-AUC": 0.8726287027189014
}