{
    "0": {
        "precision": 0.9899227485034613,
        "recall": 0.994479036015051,
        "f1-score": 0.9921956615252258,
        "support": 89296
    },
    "1": {
        "precision": 0.7598636142230881,
        "recall": 0.6331168831168831,
        "f1-score": 0.6907239318131503,
        "support": 2464
    },
    "accuracy": 0.9847755013077594,
    "macro avg": {
        "precision": 0.8748931813632748,
        "recall": 0.813797959565967,
        "f1-score": 0.841459796669188,
        "support": 91760
    },
    "weighted avg": {
        "precision": 0.9837450489953221,
        "recall": 0.9847755013077594,
        "f1-score": 0.9841003439357471,
        "support": 91760
    }
}