feature,importance
X19,0.17031308517058874
X22,0.07501093050538532
X7,0.06259980251856793
X6,0.06215813473153733
X8,0.05902885458894462
X5,0.050372664744795
X4,0.04932683099162032
X17,0.03899029973117136
X2,0.036545868988852565
X36,0.032934860424076694
X25,0.031718861835262825
X23,0.029773706227480636
X21,0.028847709323346783
X18,0.02350616597252595
X9,0.02306099603466161
X39,0.022142557916027376
X49,0.021729039501930517
X1,0.02128077756471132
X10,0.020849726323568248
X16,0.02020545046396545
X3,0.01963639630345925
X28,0.013608192369323313
X20,0.013373406939809646
X50,0.011817735213903263
X32,0.01172669576649702
X34,0.00879170713299913
X31,0.007593862840772003
X42,0.007099516248729239
X35,0.006290133981116629
X15,0.0056902060099178284
X13,0.003973706342860591
X11,0.0028165807875357002
X24,0.002064433558390012
X44,0.001387650995704643
X38,0.0007351348381350525
X43,0.0006869172408823295
X41,0.0004927700830552723
X14,0.0004551713893904151
X40,0.0003924997895934125
X12,0.000387071748009418
X26,0.0003195770936062879
X45,0.00025413418840750915
X37,7.318792485027346e-06
X51,2.8567863963686034e-06
X33,0.0
X30,0.0
X46,0.0
X47,0.0
X48,0.0
X29,0.0
X27,0.0
