{
    "Model": "Random Forest",
    "Accuracy": 0.9847755013077594,
    "Precision": 0.7598636142230881,
    "Recall": 0.6331168831168831,
    "F1 Score": 0.6907239318131503,
    "ROC-AUC": 0.9482408626526224
}