{
    "0": {
        "precision": 0.9922369998287573,
        "recall": 0.7786686973660635,
        "f1-score": 0.8725748563110207,
        "support": 89296
    },
    "1": {
        "precision": 0.08854454897620365,
        "recall": 0.7792207792207793,
        "f1-score": 0.15901938048699682,
        "support": 2464
    },
    "accuracy": 0.7786835222319093,
    "macro avg": {
        "precision": 0.5403907744024805,
        "recall": 0.7789447382934214,
        "f1-score": 0.5157971183990088,
        "support": 91760
    },
    "weighted avg": {
        "precision": 0.9679704545050795,
        "recall": 0.7786835222319093,
        "f1-score": 0.853413994362128,
        "support": 91760
    }
}