{
    "Model": "Bernoulli NB",
    "Accuracy": 0.7786835222319093,
    "Precision": 0.08854454897620365,
    "Recall": 0.7792207792207793,
    "F1 Score": 0.15901938048699682,
    "ROC-AUC": 0.8800295342340199
}