{
    "0": {
        "precision": 0.988984088127295,
        "recall": 0.9953413366780147,
        "f1-score": 0.9921525289396426,
        "support": 89296
    },
    "1": {
        "precision": 0.7798941798941799,
        "recall": 0.5982142857142857,
        "f1-score": 0.6770785484611851,
        "support": 2464
    },
    "accuracy": 0.9846774193548387,
    "macro avg": {
        "precision": 0.8844391340107374,
        "recall": 0.7967778111961502,
        "f1-score": 0.8346155387004138,
        "support": 91760
    },
    "weighted avg": {
        "precision": 0.9833694680980187,
        "recall": 0.9846774193548387,
        "f1-score": 0.9836919547471957,
        "support": 91760
    }
}