{
    "Model": "Stacking",
    "Accuracy": 0.9846774193548387,
    "Precision": 0.7798941798941799,
    "Recall": 0.5982142857142857,
    "F1 Score": 0.6770785484611851,
    "ROC-AUC": 0.8555801326232673
}