{
    "0": {
        "precision": 0.9929830014105722,
        "recall": 0.9302432359792152,
        "f1-score": 0.9605897658282739,
        "support": 89296
    },
    "1": {
        "precision": 0.23155687145324452,
        "recall": 0.7617694805194806,
        "f1-score": 0.35515610217596977,
        "support": 2464
    },
    "accuracy": 0.9257192676547515,
    "macro avg": {
        "precision": 0.6122699364319083,
        "recall": 0.8460063582493479,
        "f1-score": 0.6578729340021219,
        "support": 91760
    },
    "weighted avg": {
        "precision": 0.9725366851048304,
        "recall": 0.9257192676547515,
        "f1-score": 0.9443322620440622,
        "support": 91760
    }
}