{
    "Model": "KNN (k=10)",
    "Accuracy": 0.9257192676547515,
    "Precision": 0.23155687145324452,
    "Recall": 0.7617694805194806,
    "F1 Score": 0.35515610217596977,
    "ROC-AUC": 0.892873000121295
}