{
    "0": {
        "precision": 0.9948177342588678,
        "recall": 0.8169122917039957,
        "f1-score": 0.8971301722388593,
        "support": 89296
    },
    "1": {
        "precision": 0.11305810231649759,
        "recall": 0.8457792207792207,
        "f1-score": 0.1994544671483945,
        "support": 2464
    },
    "accuracy": 0.8176874455100261,
    "macro avg": {
        "precision": 0.5539379182876827,
        "recall": 0.8313457562416082,
        "f1-score": 0.5482923196936269,
        "support": 91760
    },
    "weighted avg": {
        "precision": 0.9711401434447222,
        "recall": 0.8176874455100261,
        "f1-score": 0.8783957243602313,
        "support": 91760
    }
}