{
    "Model": "Ridge Classifier",
    "Accuracy": 0.8176874455100261,
    "Precision": 0.11305810231649759,
    "Recall": 0.8457792207792207,
    "F1 Score": 0.1994544671483945,
    "ROC-AUC": 0.9052213525910907
}