{
    "0": {
        "precision": 0.9949933072487644,
        "recall": 0.8657386669055724,
        "f1-score": 0.9258766887036505,
        "support": 89296
    },
    "1": {
        "precision": 0.14753981797497157,
        "recall": 0.8421266233766234,
        "f1-score": 0.2510890609874153,
        "support": 2464
    },
    "accuracy": 0.865104620749782,
    "macro avg": {
        "precision": 0.571266562611868,
        "recall": 0.8539326451410979,
        "f1-score": 0.5884828748455329,
        "support": 91760
    },
    "weighted avg": {
        "precision": 0.972236927589102,
        "recall": 0.865104620749782,
        "f1-score": 0.9077568465644524,
        "support": 91760
    }
}