{
    "Model": "Logistic Regression",
    "Accuracy": 0.865104620749782,
    "Precision": 0.14753981797497157,
    "Recall": 0.8421266233766234,
    "F1 Score": 0.2510890609874153,
    "ROC-AUC": 0.9254372009980815
}