{
    "0": {
        "precision": 0.9900001114814774,
        "recall": 0.9944902347249597,
        "f1-score": 0.9922400934093868,
        "support": 89296
    },
    "1": {
        "precision": 0.7610490529383196,
        "recall": 0.6359577922077922,
        "f1-score": 0.6929029405261994,
        "support": 2464
    },
    "accuracy": 0.984862685265911,
    "macro avg": {
        "precision": 0.8755245822098985,
        "recall": 0.815224013466376,
        "f1-score": 0.8425715169677931,
        "support": 91760
    },
    "weighted avg": {
        "precision": 0.9838521667533787,
        "recall": 0.984862685265911,
        "f1-score": 0.98420209488384,
        "support": 91760
    }
}