{
    "Model": "Random Forest (300 trees)",
    "Accuracy": 0.984862685265911,
    "Precision": 0.7610490529383196,
    "Recall": 0.6359577922077922,
    "F1 Score": 0.6929029405261994,
    "ROC-AUC": 0.9511726408208684
}